{"train_loss": [1.1381864547729492, 0.3306576907634735, 0.1345849484205246, 0.05745336040854454, 0.058460086584091187, 0.05386617034673691, 0.05016650632023811, 0.0379534475505352, 0.041578926146030426, 0.028289463371038437, 0.031651418656110764, 0.040431879460811615, 0.03983517363667488, 0.05416994169354439, 0.05425404757261276, 0.025334132835268974, 0.03861646354198456, 0.02220591902732849, 0.025869762524962425, 0.024790355935692787], "train_acc": [0.9857142857142858, 0.9928571428571429, 1.0, 1.0, 1.0, 1.0, 1.0, 1.0, 1.0, 1.0, 1.0, 1.0, 1.0, 1.0, 1.0, 1.0, 1.0, 1.0, 1.0, 1.0], "val_acc": [0.8, 0.792, 0.792, 0.788, 0.792, 0.784, 0.782, 0.782, 0.784, 0.788, 0.79, 0.778, 0.78, 0.784, 0.768, 0.768, 0.778, 0.778, 0.786, 0.774], "test_acc": 0.81, "cache_stats": {"cache_init_time": 0, "hit_rate": 0, "avg_fetch_time": 0.0018461324367285764, "total_fetch_time": 0.4449179172515869, "fetch_calls": 241, "cache_size_mb": 0, "capacity": 0, "hit_count": 0, "total_count": 0}}