{"train_loss": [1.1530479192733765, 0.40796393156051636, 0.11863943934440613, 0.07190454006195068, 0.05829048901796341, 0.07809307426214218, 0.04243616387248039, 0.04465394467115402, 0.042685117572546005, 0.04439936950802803, 0.05174245685338974, 0.04114678502082825, 0.029598819091916084, 0.04987173527479172, 0.0526813268661499, 0.03638682886958122, 0.02168767899274826, 0.03789743036031723, 0.04045116528868675, 0.021351976320147514], "train_acc": [0.9571428571428572, 0.9928571428571429, 1.0, 1.0, 1.0, 1.0, 1.0, 1.0, 1.0, 1.0, 1.0, 1.0, 1.0, 1.0, 1.0, 1.0, 1.0, 1.0, 1.0, 1.0], "val_acc": [0.67, 0.792, 0.788, 0.778, 0.786, 0.778, 0.786, 0.78, 0.774, 0.766, 0.776, 0.762, 0.77, 0.764, 0.76, 0.768, 0.768, 0.77, 0.774, 0.774], "test_acc": 0.801, "cache_stats": {"cache_init_time": 0.023186445236206055, "hit_rate": 0.6754062038404727, "avg_fetch_time": 0.0007141091516898381, "total_fetch_time": 0.17210030555725098, "fetch_calls": 241, "cache_size_mb": 9.998157501220703, "capacity": 1829, "hit_count": 440789, "total_count": 652628}}