{"train_loss": [1.16233229637146, 0.4852263927459717, 0.1827826350927353, 0.1097991019487381, 0.061279550194740295, 0.06715212762355804, 0.03965055197477341, 0.04966052621603012, 0.04694373160600662, 0.045218367129564285, 0.062314748764038086, 0.036785561591386795, 0.04458489641547203, 0.04290500655770302, 0.026069916784763336, 0.03903501480817795, 0.0279450211673975, 0.036959610879421234, 0.028062395751476288, 0.030053669586777687], "train_acc": [0.9357142857142857, 0.9857142857142858, 1.0, 1.0, 1.0, 1.0, 1.0, 1.0, 1.0, 1.0, 1.0, 1.0, 1.0, 1.0, 1.0, 1.0, 1.0, 1.0, 1.0, 1.0], "val_acc": [0.658, 0.736, 0.76, 0.788, 0.766, 0.774, 0.774, 0.774, 0.776, 0.776, 0.776, 0.764, 0.778, 0.782, 0.77, 0.782, 0.76, 0.78, 0.772, 0.776], "test_acc": 0.799, "cache_stats": {"cache_init_time": 0.0404508113861084, "hit_rate": 0.6754062038404727, "avg_fetch_time": 0.0007445851796890195, "total_fetch_time": 0.1794450283050537, "fetch_calls": 241, "cache_size_mb": 9.998157501220703, "capacity": 1829, "hit_count": 440789, "total_count": 652628}}